cluster,x,y
0,14.251145,79.029236
1,99.948326,60.992504
2,41.764744,1.370801
3,55.025345,35.792591
4,55.936577,63.808613
5,7.708524,59.229996
6,35.494453,23.574490
7,87.669060,32.304375
8,30.044783,99.553429
