index,x,y,cluster
0,55.936577,63.808613,4
1,7.541388,62.679089,5
2,99.948326,60.992504,1
3,35.494453,23.574490,6
4,30.044783,99.553429,8
5,87.669060,32.304375,7
6,14.251145,79.029236,0
7,41.764744,1.370801,2
8,7.875659,55.780899,5
9,55.025345,35.792591,3
